country,iso3,population,estimated_greywater_m3_year,greywater_tons_per_hour,reuse_efficiency_pct,estimated_reused_water_m3_year,reuse_effectiveness_class,untapped_reuse_m3_year,predicted_reuse_class,urban_population_pct,improved_reuse_score,improved_reuse_class,water_stress_pct,water_risk_score,water_risk_class,infrastructure_intelligence_score,infrastructure_class
Africa Eastern and Southern,AFE,750491370,37524568500,4283626.54109589,33.090508913552185,12417070684.264494,Moderate,25107497815.735504,Moderate,37.7723012408349,34.96322584446527,Moderate,,,,,
Africa Western and Central,AFW,509398589,25469929450,2907526.1929223742,76.30357298074371,19434466206.024685,Highly Effective,6035463243.975315,Highly Effective,52.2829081872902,66.6953070633623,Good,,,,,
Arab World,ARB,482105978,24105298900,2751746.4497716897,59.89954563585538,14438964515.264849,Good,9666334384.735151,Good,59.569940800309,59.76770370163683,Good,,,,,
Caribbean small states,CSS,4519904,225995200,25798.53881278539,49.89938631477774,112770217.9008546,Good,113224982.0991454,Good,50.1020889305245,49.98046736107645,Moderate,,,,,
Central Europe and the Baltics,CEB,100183707,5009185350,571824.8116438356,16.70139803318274,836603983.523378,Low,4172581366.476622,Low,61.69707902806,34.69967043113365,Moderate,,,,,
Euro area,EMU,349762722,17488136100,1996362.5684931509,16.699589025215197,2920446856.8702965,Low,14567689243.129704,Low,77.2759599495269,40.93013739493988,Moderate,,,,,
Europe & Central Asia,ECS,924773523,46238676150,5278387.688356164,9.35627091261496,4326215807.000681,Low,41912460342.99932,Low,73.8432014952513,35.1510431456695,Moderate,,,,,
Europe & Central Asia (excluding high income),ECA,248721385,12436069250,1419642.6084474886,69.96321093312014,8700673361.166391,Highly Effective,3735395888.8336086,Highly Effective,68.1621549417313,69.2427885365646,Good,,,,,
Europe & Central Asia (IDA & IBRD countries),TEC,458602212,22930110600,2617592.534246576,50.08362588074066,11484230806.944056,Good,11445879793.055944,Good,68.9599237310861,57.63414502087884,Good,,,,,
European Union,EUU,448897545,22444877250,2562200.599315068,58.10544333470341,13041695432.042488,Good,9403181817.957512,Good,74.8943502719612,64.82100610960653,Good,,,,,
Fragile and conflict affected situations,FCS,1057033168,52851658400,6033294.337899543,6.543837072185184,3458526415.643875,Low,49393131984.356125,Low,45.7781084821062,22.23754563615359,Low,,,,,
Heavily indebted poor countries (HIPC),HPC,917304254,45865212700,5235754.874429223,77.74323891214958,35657101886.926575,Highly Effective,10208110813.073423,Highly Effective,37.3896717239115,61.60181203685434,Good,,,,,
IBRD only,IBD,4952212190,247610609500,28266051.312785387,67.43319806003163,166971752721.7865,Highly Effective,80638856778.2135,Highly Effective,58.0307470483158,63.6722176553453,Good,,,,,
IDA blend,IDB,664395892,33219794600,3792213.99543379,20.92543330087071,6951385961.70925,Moderate,26268408638.29075,Moderate,48.1773673159897,31.82620690691831,Moderate,,,,,
IDA only,IDX,1241913429,62095671450,7088546.9691780815,18.636872540532547,11572691141.324358,Low,50522980308.67565,Low,35.9657912741954,25.56844003399769,Low,,,,,
IDA total,IDA,1906309321,95315466050,10880760.964611871,18.755338239007536,17876738051.763897,Low,77438727998.2361,Low,40.2218272005988,27.34193382364404,Low,,,,,
Latin America & Caribbean,LCN,657616517,32880825850,3753518.9326484017,27.81816822196533,9146843447.724464,Moderate,23733982402.275536,Moderate,81.0435031476023,49.10830219222012,Moderate,,,,,
Latin America & Caribbean (excluding high income),LAC,589889543,29494477150,3366949.446347032,44.35673237241784,13082786294.069431,Good,16411690855.930569,Good,80.5262275066979,58.824530426129854,Good,,,,,
Latin America & the Caribbean (IDA & IBRD countries),TLA,642397939,32119896950,3666654.902968037,37.39587639815869,12011516962.63794,Moderate,20108379987.36206,Moderate,81.0398075940594,54.85344887651898,Good,,,,,
Least developed countries: UN classification,LDC,1160824674,58041233700,6625711.609589041,26.842185514853146,15579535624.86346,Moderate,42461698075.13654,Moderate,35.6959352473229,30.38368540784105,Moderate,,,,,
"Middle East, North Africa, Afghanistan & Pakistan",MEA,797801454,39890072700,4553661.267123288,50.88896710417846,20299645974.13588,Good,19590426725.864124,Good,55.4304551226559,52.70556231156944,Good,,,,,
"Middle East, North Africa, Afghanistan & Pakistan (excluding high income)",MNA,729077445,36453872250,4161400.941780822,15.462039548903135,5636512144.401626,Low,30817360105.598373,Low,52.4233912654293,30.2465802355136,Moderate,,,,,
"Middle East, North Africa, Afghanistan & Pakistan (IDA & IBRD)",TMN,723911670,36195583500,4131915.9246575343,26.91084864014136,9740538690.10098,Moderate,26455044809.899017,Moderate,52.1776709218643,37.01757755283054,Moderate,,,,,
North America,NAC,376954413,18847720650,2151566.284246576,32.47713824702688,6121200291.913933,Moderate,12726520358.086067,Moderate,80.3358741691711,51.620632615884574,Good,,,,,
OECD members,OED,1387897706,69394885300,7921790.55936073,39.205248816277695,27206437447.63552,Moderate,42188447852.36449,Moderate,81.0542645072705,55.944855092674814,Good,,,,,
Other small states,OSS,12822134,641106700,73185.69634703196,63.88819710447602,409591512.14600176,Highly Effective,231515187.85399824,Highly Effective,54.7413384725346,60.22945365169945,Good,,,,,
Pacific island small states,PSS,2689224,134461200,15349.45205479452,19.97553366187698,26859342.26816373,Low,107601857.73183627,Low,40.2526358335376,28.086374530541228,Low,,,,,
Post-demographic dividend,PST,1121315547,56065777350,6400202.893835616,43.56758288102087,24426504014.84988,Good,31639273335.150124,Good,81.0611183167151,58.56499705529856,Good,,,,,
Pre-demographic dividend,PRE,1078224044,53911202200,6154246.826484018,49.43109266465319,26648896316.110542,Good,27262305883.889454,Good,44.9432746652763,47.63596546490243,Moderate,,,,,
Small states,SST,20031262,1001563100,114333.68721461188,8.48378095399983,84970419.52009027,Low,916592680.4799098,Low,51.7493987022104,25.790028053284058,Low,,,,,
South Asia,SAS,1662580579,83129028950,9489615.17694064,50.56586389260788,42034911634.1036,Good,41094117315.8964,Good,35.137165500664,44.394384535830326,Moderate,,,,,
South Asia (IDA & IBRD),TSA,1662580579,83129028950,9489615.17694064,17.789309276546867,14788080058.505682,Low,68340948891.49432,Low,35.137165500664,24.72845176619372,Low,,,,,
Sub-Saharan Africa,SSF,1259889959,62994497950,7191152.734018265,9.878869473895964,6223144228.216569,Low,56771353721.78343,Low,43.6392284682928,23.38301307165469,Low,,,,,
Sub-Saharan Africa (excluding high income),SSA,1131078494,56553924700,6455927.47716895,76.16641529399999,43075097152.05804,Highly Effective,13478827547.941963,Highly Effective,45.980688615295,64.092124622518,Good,,,,,
Sub-Saharan Africa (IDA & IBRD countries),TSS,1259889959,62994497950,7191152.734018265,77.42240248059196,48771853743.47725,Highly Effective,14222644206.52275,Highly Effective,43.6392284682928,63.9091328756723,Good,,,,,
Afghanistan,AFG,41454761,2072738050,236613.93264840185,65.62980110873458,1360333859.7200637,Highly Effective,712404190.2799363,Highly Effective,25.4730529631167,49.56710185048743,Moderate,54.75701944,52.16206064524371,High Risk,51.124077127341195,Advanced
Albania,ALB,2414095,120704750,13779.081050228311,27.8460326880028,33611484.14097206,Moderate,87093265.85902794,Moderate,58.2106086137857,39.99186305831596,Moderate,4.789663462,22.39076326015798,Low Risk,29.43120317942117,Emerging
Algeria,DZA,46164219,2308210950,263494.4006849315,12.325408550478793,284496429.79438776,Low,2023714520.205612,Low,74.732808364138,37.28836847594248,Moderate,144.8149712,91.05166983797125,Critical,69.54634929315974,Advanced
American Samoa,ASM,47521,2376050,271.23858447488584,56.31747698841177,1338131.4119831575,Good,1037918.5880168424,Good,81.3721542708222,66.33934790137593,Good,,,,,
Andorra,AND,80856,4042800,461.5068493150685,38.0114370304701,1536726.376267845,Moderate,2506073.623732155,Moderate,88.8201609217082,58.33492658696534,Good,,,,,
Angola,AGO,36749906,1837495300,209759.7374429224,14.152867613358412,260058277.210683,Low,1577437022.7893171,Low,69.8515032220457,36.432321856833326,Moderate,1.871883289,19.152102572916665,Low Risk,26.064190286483328,Emerging
Antigua and Barbuda,ATG,93316,4665800,532.6255707762557,42.13826825834526,1966087.3203978727,Good,2699712.6796021266,Good,24.4500156687422,35.06296722250404,Moderate,8.461538462,21.76225284225202,Low Risk,27.08253859435283,Emerging
Argentina,ARG,45538401,2276920050,259922.3801369863,7.57913908364138,172570937.41281685,Low,2104349112.5871832,Low,92.1945132257907,41.42528874050111,Moderate,10.45666408,25.940976410250556,Moderate Risk,32.13470134235078,Emerging
Armenia,ARM,2964300,148215000,16919.520547945205,73.19903015590866,108491942.54558004,Highly Effective,39723057.45441997,Highly Effective,65.6956882008852,70.19769337389928,Advanced,61.97296752,66.08533044694964,High Risk,67.7302756177295,Advanced
Aruba,ABW,107359,5367950,612.7796803652968,24.408498620001268,1310236.001672358,Moderate,4057713.9983276417,Moderate,61.8351492675589,39.37915887902432,Moderate,,,,,
Australia,AUS,26659922,1332996100,152168.50456621006,54.689171326548646,729004520.9052117,Good,603991579.0947883,Good,87.4866955653765,67.8081810220798,Good,4.672295939,36.240238480539894,Moderate Risk,48.86741549715586,Emerging
Austria,AUT,9131761,456588050,52121.92351598173,28.37833070670582,129572066.79629932,Moderate,327015983.20370066,Moderate,69.2265358276021,44.71761275506434,Moderate,8.676429953,26.697021354032167,Moderate Risk,33.90525791444504,Emerging
Azerbaijan,AZE,10153958,507697900,57956.381278538815,44.00510158833581,223412976.6568476,Good,284284923.3431524,Good,58.5075350483702,49.80607497234956,Moderate,57.52704791,53.66656144117478,High Risk,52.12236685364469,Advanced
"Bahamas, The",BHS,399440,19972000,2279.9086757990867,46.00327095074597,9187773.274282986,Good,10784226.725717014,Good,81.3213799173676,60.13051453739463,Good,,,,,
Bahrain,BHR,1577059,78852950,9001.478310502283,18.86408416441453,14874886.854123706,Low,63978063.145876296,Low,100.0,51.31845049864872,Good,133.7068966,92.51267354932436,Critical,76.0349843290541,Highly Advanced
Bangladesh,BGD,171466990,8573349500,978692.8652968038,77.7188470823419,6663108387.739723,Highly Effective,1910241112.2602768,Highly Effective,32.1578465036834,59.4944468508785,Good,5.723339482,32.608893166439245,Moderate Risk,43.363114640214945,Emerging
Barbados,BRB,282336,14116800,1611.5068493150684,63.13496175208359,8912636.280618137,Highly Effective,5204163.719381863,Highly Effective,59.4235740235775,61.65040666068116,Good,87.5,74.57520333034059,High Risk,69.40528466247682,Advanced
Belarus,BLR,9178298,458914900,52387.545662100456,75.46242061731418,346308292.1135268,Highly Effective,112606607.88647324,Highly Effective,78.8146420666327,76.80330919704159,Advanced,4.660514173,40.73191168502079,Moderate Risk,55.16047068982911,Advanced
Belgium,BEL,11779946,588997300,67237.13470319634,72.11205128207366,424738035.0260293,Highly Effective,164259264.9739707,Highly Effective,87.551492636772,78.287827823953,Advanced,52.82574225,65.55678503697649,High Risk,70.6492021517671,Advanced
Belize,BLZ,411106,20555300,2346.4954337899544,49.84249841083138,10245275.075841624,Good,10310024.924158376,Good,41.9459437504976,46.68387654669787,Moderate,1.260294485,23.972085515848935,Low Risk,33.056801928188506,Emerging
Benin,BEN,14111034,705551700,80542.43150684932,74.14056762673376,523100035.2800697,Highly Effective,182451664.71993035,Highly Effective,51.7457922964593,65.18265749462398,Good,0.975243811,33.07895065281199,Moderate Risk,45.92043338953678,Emerging
Bermuda,BMU,64698,3234900,369.2808219178082,11.636937653893964,376443.2961658158,Low,2858456.7038341844,Low,100.0,46.98216259233638,Moderate,,,,,
Bhutan,BTN,786385,39319250,4488.498858447489,19.698714681435888,7745386.872380481,Low,31573863.12761952,Low,41.7352457989939,28.513327128459096,Low,1.413807531,14.963567329729548,Low Risk,20.383471249221365,Developing
Bolivia,BOL,12244159,612207950,69886.75228310503,8.392046668290355,51376776.87098369,Low,560831173.1290163,Low,70.9151414044538,33.401284562755734,Moderate,0.202979589,16.802132075877868,Low Risk,23.441793070629014,Developing
Bosnia and Herzegovina,BIH,3185073,159253650,18179.640410958906,29.399774807244825,46820214.472317845,Moderate,112433435.52768216,Moderate,51.5657239834305,38.2661544777191,Moderate,2.071713147,20.168933812359548,Low Risk,27.40782207850337,Emerging
Botswana,BWA,2480244,124012200,14156.643835616438,34.15079672671115,42351154.33832248,Moderate,81661045.66167751,Moderate,67.0212655349864,47.29898425002125,Moderate,2.230009819,24.764497034510626,Low Risk,33.77829192071488,Emerging
Brazil,BRA,211140729,10557036450,1205141.147260274,25.35117738304219,2676333036.83192,Moderate,7880703413.168079,Moderate,87.6159710235763,50.25709483925584,Good,1.495816821,25.87645583012792,Moderate Risk,35.62871143377909,Emerging
British Virgin Islands,VGB,38985,1949250,222.51712328767124,67.1553131863947,1309024.9422857985,Highly Effective,640225.0577142015,Highly Effective,55.6407774494219,62.54949889160558,Good,,,,,
Brunei Darussalam,BRN,458949,22947450,2619.571917808219,31.7564995020192,7287306.844976105,Moderate,15660143.155023895,Moderate,74.8199193881365,48.98186745646612,Moderate,3.466465712,26.22416658423306,Moderate Risk,35.32724693312628,Emerging
Bulgaria,BGR,6446596,322329800,36795.63926940639,26.07008822655356,84031663.24047363,Moderate,238298136.7595264,Moderate,73.7322671584613,45.134959799316654,Moderate,40.23530092,42.68513035965833,Moderate Risk,43.66506213552166,Emerging
Burkina Faso,BFA,23025776,1151288800,131425.66210045663,45.70220623686863,526164381.7579701,Good,625124418.2420299,Good,27.7872478365158,38.5362228767275,Moderate,7.820267686,23.17824528136375,Low Risk,29.321436319509253,Emerging
Burundi,BDI,13689450,684472500,78136.1301369863,15.569316873107198,106567692.43427868,Low,577904807.5657213,Low,23.5534768372276,18.762980858755355,Low,10.19286754,14.477924199377679,Low Risk,16.19194686312875,Developing
Cabo Verde,CPV,522331,26116550,2981.3413242009133,65.16477355655297,17018790.668283936,Highly Effective,9097759.331716064,Highly Effective,75.9064245753376,69.46143396406683,Good,59.68371,64.57257198203341,High Risk,66.52811677484678,Advanced
Cambodia,KHM,17423880,871194000,99451.3698630137,10.591298275982812,92270755.1024657,Low,778923244.8975343,Low,40.6290788072508,22.60641048849001,Low,1.036544851,11.821477669745004,Low Risk,16.135450797243006,Developing
Cameroon,CMR,28372687,1418634350,161944.5605022831,79.01652024503879,1120955498.3708243,Highly Effective,297678851.62917566,Highly Effective,55.1286878511388,69.4613872874788,Good,1.560430108,35.5109086977394,Moderate Risk,49.09110013363516,Emerging
Canada,CAN,40083484,2004174200,228787.0091324201,62.918357697249306,1260993492.0319848,Highly Effective,743180707.9680152,Highly Effective,82.5250564408346,70.76103719468342,Advanced,3.720700309,37.24086875184171,Moderate Risk,50.6489361289784,Advanced
Cayman Islands,CYM,73038,3651900,416.88356164383566,19.90367611506293,726862.3480459831,Low,2925037.6519540166,Low,100.0,51.94220566903776,Good,,,,,
Central African Republic,CAF,5152421,257621050,29408.795662100456,5.41415878427018,13948012.708704071,Low,243673037.29129592,Low,43.6983692134165,20.727842955928708,Low,0.335648148,10.531745551964354,Low Risk,14.610184513550095,Developing
Chad,TCD,19319064,965953200,110268.6301369863,66.15960713411256,639070842.2193886,Highly Effective,326882357.7806114,Highly Effective,26.3305395171046,50.227980087309376,Good,4.294921875,27.261450981154688,Moderate Risk,36.448062623616565,Emerging
Channel Islands,CHI,167691,8384550,957.140410958904,58.01430078857128,4864238.056768153,Good,3520311.943231847,Good,32.7554337975051,47.910753992144805,Moderate,,,,,
Chile,CHL,19658835,982941750,112207.96232876711,59.67553760307405,586575773.6375641,Good,396365976.362436,Good,88.8158617217972,71.33166725056331,Advanced,8.982121089,40.15689416978166,Moderate Risk,52.62680340209432,Advanced
China,CHN,1410710000,70535500000,8051997.716894977,62.84527600144593,44328229653.99989,Highly Effective,26207270346.000107,Highly Effective,65.5301448035523,63.91922352228848,Good,41.5185288,52.71887616114424,High Risk,57.19901510560194,Advanced
Colombia,COL,52321152,2616057600,298636.7123287671,10.553348880056776,276081685.4312402,Low,2339975914.56876,Low,78.275571579544,37.64223795985167,Moderate,3.632281437,20.637259698425837,Low Risk,27.43925100299617,Emerging
Comoros,COM,850387,42519350,4853.807077625571,31.884929640820445,13557264.831234189,Moderate,28962085.168765813,Moderate,33.1502180946901,32.39104502236831,Moderate,0.833333333,16.612189177684154,Low Risk,22.92373151555782,Developing
"Congo, Dem. Rep.",COD,105789731,5289486550,603822.6655251142,13.690179464384729,724140201.4394922,Low,4565346348.560508,Low,44.3754734892194,25.9642970743186,Low,0.226883505,13.0955902896593,Low Risk,18.243073003523023,Developing
"Congo, Rep.",COG,6182885,309144250,35290.43949771689,69.73275694066952,215574808.4485557,Highly Effective,93569441.55144428,Highly Effective,63.6626757615625,67.30472446902671,Good,0.027446301,33.66608538501335,Moderate Risk,47.12154101861869,Emerging
Costa Rica,CRI,5105525,255276250,29141.124429223742,51.74735951206684,132098718.83642252,Good,123177531.16357748,Good,78.8819393641702,62.60119145290818,Good,5.881962457,34.24157695495409,Moderate Risk,45.58542275413573,Emerging
Cote d'Ivoire,CIV,31165654,1558282700,177886.1529680365,29.817351863948687,464638635.69404,Moderate,1093644064.3059602,Moderate,53.4075201638704,39.25341918391737,Moderate,5.087565674,22.17049242895869,Low Risk,29.00366313094216,Emerging
Croatia,HRV,3859686,192984300,22030.17123287672,9.766876271451771,18848537.804327305,Low,174135762.1956727,Low,57.2431560672198,28.757388189758984,Low,1.509559804,15.133473996879491,Low Risk,20.58303967403129,Developing
Cuba,CUB,11019931,550996550,62899.149543379,28.323674128674664,156062467.28223994,Moderate,394934082.7177601,Moderate,77.1259872296321,47.84459936905764,Moderate,23.93944607,35.89202271952882,Moderate Risk,40.67305337934035,Emerging
Curacao,CUW,154654,7732700,882.7283105022831,29.388749152006028,2272543.80567717,Moderate,5460156.19432283,Moderate,91.4080929292235,54.19648666289302,Good,,,,,
Cyprus,CYP,1344976,67248800,7676.803652968037,59.7204633753548,40161294.9743656,Good,27087505.0256344,Good,66.6739477522639,62.50185712611844,Good,30.48113723,46.49149717805922,Moderate Risk,52.89564115728291,Advanced
Czechia,CZE,10864042,543202100,62009.37214611872,52.81681035164098,286902022.9831312,Good,256300077.01686883,Good,72.7352388396817,60.78418174685727,Good,21.97384428,41.37901301342863,Moderate Risk,49.14108050680009,Emerging
Denmark,DNK,5946952,297347600,33943.789954337895,71.54095569322449,212725314.7708664,Highly Effective,84622285.2291336,Highly Effective,88.552638542867,78.34562883308149,Advanced,25.26636019,51.805994511540746,High Risk,62.42184824015704,Advanced
Djibouti,DJI,1152944,57647200,6580.730593607306,40.4161193871462,23298761.17534694,Good,34348438.82465306,Good,72.8408245988921,53.386001471844565,Good,6.333333333,29.859667402422282,Moderate Risk,39.270201030191195,Emerging
Dominica,DMA,66510,3325500,379.6232876712329,13.969568445372628,464557.99865086674,Low,2860942.001349133,Low,73.1105011438027,37.625941524744654,Moderate,10.0,23.812970762372327,Low Risk,29.338159067321257,Emerging
Dominican Republic,DOM,11331265,566563250,64676.1700913242,58.493359041724624,331401876.0209639,Good,235161373.9790361,Good,72.3577991823338,64.0391350979683,Good,39.55331412,51.79622460898415,High Risk,56.69338880457781,Advanced
Ecuador,ECU,17980083,899004150,102626.04452054796,62.05887864626731,557911894.4734069,Highly Effective,341092255.5265931,Highly Effective,63.1307729554263,62.4876363699309,Good,6.782352941,34.63499465546545,Moderate Risk,45.77605134125163,Emerging
"Egypt, Arab Rep.",EGY,114535772,5726788600,653742.9908675799,47.095789817712216,2697076322.360704,Good,3029712277.639296,Good,42.7098115041919,45.34139849230409,Moderate,141.1657559,93.25357719615204,Critical,74.08870571461286,Advanced
El Salvador,SLV,6309624,315481200,36013.83561643836,62.82253849659208,198193298.31951064,Highly Effective,117287901.68048936,Highly Effective,74.6080675149903,67.53675010395136,Good,12.09309202,39.81492106197568,Moderate Risk,50.90365267876595,Advanced
Equatorial Guinea,GNQ,1847549,92377450,10545.37100456621,42.03466972732931,38830556.010028765,Good,53546893.98997124,Good,71.1290664883517,53.67242843173827,Good,0.183503244,26.927965837869134,Moderate Risk,37.625750875416784,Emerging
Eritrea,ERI,3470390,173519500,19808.162100456622,44.20496220364956,76704229.39096169,Good,96815270.60903832,Good,34.696403503418,40.40153872355694,Moderate,11.17511521,25.78832696677847,Moderate Risk,31.63361166948986,Emerging
Estonia,EST,1370286,68514300,7821.267123287671,37.06557637689122,25395220.195592385,Moderate,43119079.80440761,Moderate,70.6770085523126,50.51014924705977,Good,13.04628519,31.778217218529885,Moderate Risk,39.27099002994184,Emerging
Eswatini,SWZ,1230506,61525300,7023.436073059361,6.906434505807139,4249204.54900136,Low,57276095.45099864,Low,25.8081878500755,14.467135843514484,Low,77.55991285,46.013524346757244,Moderate Risk,33.39496894546014,Emerging
Ethiopia,ETH,128691692,6434584600,734541.6210045662,13.091857024497834,842406615.9523559,Low,5592177984.047644,Low,23.0586471557617,17.07857307700338,Low,32.25718654,24.667879808501688,Low Risk,21.632157115902366,Developing
Faroe Islands,FRO,54414,2720700,310.5821917808219,7.357188926505069,200167.0391234234,Low,2520532.9608765766,Low,39.1975270123645,20.093324160848844,Low,,,,,
Fiji,FJI,924145,46207250,5274.800228310503,52.73078084478353,24365443.73190124,Good,21841806.26809876,Good,58.6069049738768,55.08123049642085,Good,0.29737303,27.689301763210427,Moderate Risk,38.64607325649459,Emerging
Finland,FIN,5583911,279195550,31871.63812785388,28.5766985807245,79784870.77429596,Moderate,199410679.22570404,Moderate,74.0062548602828,46.74852109254782,Moderate,7.11406213,26.93129161127391,Moderate Risk,34.85818340378347,Emerging
France,FRA,68372286,3418614300,390252.77397260274,43.14280183735271,1474885993.0324025,Good,1943728306.9675968,Good,78.7804323126547,57.3978540274735,Good,21.38462716,39.391240593736754,Moderate Risk,46.59388596723145,Emerging
French Polynesia,PYF,281118,14055900,1604.554794520548,73.06748554445697,10270292.700643327,Highly Effective,3785607.299356673,Highly Effective,61.6967135028569,68.51917672781694,Good,,,,,
Gabon,GAB,2484789,124239450,14182.585616438357,23.69691718616562,29440919.579047643,Moderate,94798530.42095236,Moderate,91.6375962797313,50.87318882359189,Good,0.502166065,25.687677444295943,Moderate Risk,35.761881996014324,Emerging
"Gambia, The",GMB,2697845,134892250,15398.658675799086,35.77871922767223,48262719.38738969,Moderate,86629530.61261031,Moderate,63.8020182456108,46.98803883484766,Moderate,2.209656372,24.598847603423827,Low Risk,33.55452409599336,Emerging
Georgia,GEO,3715483,185774150,21207.09474885845,61.66633539072865,114560110.40827532,Highly Effective,71214039.59172468,Highly Effective,60.7523077799724,61.30072434642615,Good,4.212964169,32.75684425771308,Moderate Risk,44.174396293198306,Emerging
Germany,DEU,83287273,4164363650,475383.9783105023,22.15986241187169,922817255.1699976,Moderate,3241546394.8300023,Moderate,81.9034366692129,46.05729211480818,Moderate,35.35165707,40.70447459240409,Moderate Risk,42.84560160136572,Emerging
Ghana,GHA,33787914,1689395700,192853.3904109589,10.773493237159474,182006931.48836297,Low,1507388768.511637,Low,57.8074737774654,29.587085453281844,Low,6.314734089,17.95090977114092,Low Risk,22.60538004399729,Developing
Gibraltar,GIB,38471,1923550,219.5833333333333,26.731358968532604,514191.05543920887,Moderate,1409358.9445607911,Moderate,100.0,56.03881538111956,Good,,,,,
Greece,GRC,10407351,520367550,59402.688356164384,17.091596544050333,88939122.19215938,Low,431428427.8078406,Low,78.7746303842088,41.764810080113726,Moderate,20.32571313,31.045261605056865,Moderate Risk,35.333080995079605,Emerging
Greenland,GRL,56865,2843250,324.5719178082192,74.72732392569299,2124684.637517265,Highly Effective,718565.3624827345,Highly Effective,88.0631147749908,80.06164026541211,Advanced,,,,,
Grenada,GRD,117081,5854050,668.2705479452055,65.60902846733127,3840785.330991808,Highly Effective,2013264.6690081933,Highly Effective,36.462128238584,53.950268375832366,Good,7.05,30.50013418791618,Moderate Risk,39.880187863082654,Emerging
Guam,GUM,166506,8325300,950.3767123287672,52.50528173828176,4371222.220557171,Good,3954077.779442829,Good,94.1349341638921,69.1571427085259,Good,,,,,
Guatemala,GTM,18124838,906241900,103452.2716894977,70.35954426407883,637627670.770129,Highly Effective,268614229.22987103,Highly Effective,55.6082319565539,64.45901934106887,Good,5.742097081,35.10055821103443,Moderate Risk,46.84394266304821,Emerging
Guinea,GIN,14405468,720273400,82222.99086757991,65.27540576743358,470161384.48489,Highly Effective,250112015.51511,Highly Effective,37.6454083954705,54.22340681864834,Good,1.369230769,27.79631879382417,Moderate Risk,38.36715400375384,Emerging
Guinea-Bissau,GNB,2153339,107666950,12290.747716894975,18.992754416452687,20448919.401184905,Low,87218030.5988151,Low,45.5923843383789,29.63260638522317,Low,1.495726496,15.564166440611585,Low Risk,21.19154241845622,Developing
Guyana,GUY,826353,41317650,4716.626712328767,71.94192488674834,29724712.727969576,Highly Effective,11592937.272030424,Highly Effective,26.4651457279878,53.75121322324412,Good,3.298401827,28.52480752512206,Moderate Risk,38.615369804370886,Emerging
Haiti,HTI,11637398,581869900,66423.50456621005,45.4506681436738,264463757.2769266,Good,317406142.72307336,Good,54.4496819335618,49.050273659629,Moderate,13.38379177,31.2170327148145,Moderate Risk,38.3503290927403,Emerging
Honduras,HND,10644851,532242550,60758.28196347033,65.55801163730469,348927632.8676872,Highly Effective,183314917.1323128,Highly Effective,58.3132392705102,62.66010269058689,Good,4.621268764,33.640685727293445,Moderate Risk,45.248452512610825,Emerging
"Hong Kong SAR, China",HKG,7536100,376805000,43014.2694063927,72.20684749426199,272079011.7007539,Highly Effective,104725988.29924607,Highly Effective,100.0,83.32410849655719,Advanced,,,,,
Hungary,HUN,9592186,479609300,54749.9200913242,28.85026062288979,138368533.02161738,Moderate,341240766.9783826,Moderate,70.2923026891431,45.42707744939112,Moderate,8.108497409,26.76778742919556,Moderate Risk,34.23150343727379,Emerging
Iceland,ISL,385663,19283150,2201.2728310502284,13.253894339575757,2555768.326341903,Low,16727381.673658095,Low,94.1518261784801,45.61306707513749,Moderate,0.394075282,23.003571178568745,Low Risk,32.047369537196246,Emerging
India,IND,1438069596,71903479800,8208159.794520549,22.095137190645627,15887172506.658169,Moderate,56016307293.34184,Moderate,35.0676918424186,27.284159051354813,Low,66.49209283,46.88812594067741,Moderate Risk,39.046539184948365,Emerging
Indonesia,IDN,281190067,14059503350,1604966.1358447487,37.03308414696922,5206667706.251457,Moderate,8852835643.748543,Moderate,58.1179353397878,45.46702462409665,Moderate,29.69654528,37.581784952048324,Moderate Risk,40.735880820867656,Emerging
"Iran, Islamic Rep.",IRN,90608707,4530435350,517172.9851598174,66.351107444187,3005994026.767929,Highly Effective,1524441323.232071,Highly Effective,76.6759567260742,70.48104715694188,Advanced,81.28908129,75.88506422347095,Critical,73.72345739685932,Advanced
Iraq,IRQ,45074049,2253702450,257271.9691780822,69.55479374422576,1567558090.7060626,Highly Effective,686144359.2939374,Highly Effective,69.868278503418,69.68018764790266,Good,59.58384831,64.63201797895132,High Risk,66.65128584653186,Advanced
Ireland,IRL,5311538,265576900,30316.997716894974,5.521409789839303,14663588.956151737,Low,250913311.04384828,Low,64.1152082461268,28.9589291723543,Low,8.051010587,18.504969879677148,Low Risk,22.68655359674801,Developing
Isle of Man,IMN,84165,4208250,480.3938356164384,43.30604769331743,1822426.752054031,Good,2385823.247945969,Good,52.1832571730182,46.85693148519773,Moderate,,,,,
Israel,ISR,9849000,492450000,56215.75342465754,36.30582523615843,178788036.37546217,Moderate,313661963.6245378,Moderate,91.5089569794505,58.38707793347526,Good,131.998964714,95.19302132373764,Critical,80.47064396763268,Highly Advanced
Italy,ITA,58984216,2949210800,336667.899543379,21.65808578530477,638742605.0534731,Moderate,2310468194.946527,Moderate,69.5381540123301,40.8101130761149,Moderate,29.76738039,35.28874673305745,Moderate Risk,37.49729327028043,Emerging
Jamaica,JAM,2839786,141989300,16208.824200913245,13.98990255002621,19864164.701464366,Low,122125135.29853565,Low,58.4510149367429,31.774347504712885,Moderate,12.38281888,22.078583192356444,Low Risk,25.95688891729902,Emerging
Japan,JPN,124516650,6225832500,710711.4726027398,30.32113785527209,1887743254.963333,Moderate,4338089245.036667,Moderate,92.0826903891473,55.02575886882218,Good,36.64367816,45.834718514411094,Moderate Risk,49.51113465617553,Emerging
Jordan,JOR,11439213,571960650,65292.311643835616,75.71822779343894,433078467.85583407,Highly Effective,138882182.14416593,Highly Effective,92.682236868336,82.50383142339777,Advanced,105.2021265,93.85297896169888,Critical,89.31331994637844,Highly Advanced
Kazakhstan,KAZ,20330104,1016505200,116039.40639269406,29.24021990155664,297228355.79075813,Moderate,719276844.2092419,Moderate,61.7560919499181,42.24656872090122,Moderate,34.62690707,38.43673789545061,Moderate Risk,39.96067022563086,Emerging
Kenya,KEN,55339003,2766950150,315861.8892694064,43.90929663075246,1214948348.9885502,Good,1552001801.0114498,Good,31.6330340816429,38.99879161110864,Moderate,33.23990107,36.11934634055432,Moderate Risk,37.27112444877605,Emerging
Kiribati,KIR,132530,6626500,756.4497716894977,57.72642191713834,3825241.348339172,Good,2801258.651660828,Good,61.5244676194408,59.24564019805933,Good,,,,,
"Korea, Dem. People's Rep.",PRK,26418204,1320910200,150788.83561643836,32.27222017844705,426287048.1035653,Moderate,894623151.8964348,Moderate,63.5382165423021,44.77861872398907,Moderate,27.7404678,36.25954326199454,Moderate Risk,39.66717344679235,Emerging
"Korea, Rep.",KOR,51712619,2585630950,295163.350456621,77.88365620407205,2013783919.804082,Highly Effective,571847030.1959181,Highly Effective,81.1645551720421,79.19601579126007,Advanced,85.22183304,82.20892441563004,Critical,81.00376096588205,Highly Advanced
Kosovo,XKX,1682668,84133400,9604.269406392694,77.18354712065835,64937142.43321197,Highly Effective,19196257.56678804,Highly Effective,49.1105579101515,65.95435143645561,Good,,,,,
Kuwait,KWT,4853420,242671000,27702.16894977169,23.88367218690232,57958746.1326777,Moderate,184712253.8673223,Moderate,100.0,54.33020331214139,Good,3850.5,1952.4151016560706,,1193.1811423184988,
Kyrgyz Republic,KGZ,7099750,354987500,40523.68721461188,42.29363794192891,150137127.98910487,Good,204850372.0108952,Good,34.706439175362,39.25875843530214,Moderate,50.03895598,44.64885720765107,Moderate Risk,42.4928176987115,Emerging
Lao PDR,LAO,7664993,383249650,43749.9600456621,27.56587323625773,105646112.6974014,Moderate,277603537.3025986,Moderate,38.8070088517156,32.06232748244088,Moderate,4.791395046,18.426861264220438,Low Risk,23.881047751508618,Developing
Latvia,LVA,1883710,94185500,10751.769406392694,26.36303707831007,24830158.287391733,Moderate,69355341.71260826,Moderate,68.3586316343061,43.16127490070848,Moderate,1.015521509,22.08839820485424,Low Risk,30.517548883195936,Emerging
Lebanon,LBN,5773493,288674650,32953.72716894977,7.76652105158996,22419977.46285364,Low,266254672.5371464,Low,90.4524074197598,40.84087559885789,Moderate,58.79299156,49.81693357942895,Moderate Risk,46.22651038720052,Emerging
Lesotho,LSO,2311472,115573600,13193.333333333334,50.71732504849226,58615838.38224425,Good,56957761.61775575,Good,42.6781596804785,47.50165890128676,Moderate,2.565905097,25.03378199914338,Moderate Risk,34.02093276000073,Emerging
Liberia,LBR,5493031,274651550,31352.916666666668,42.70092674216461,117278757.1617196,Good,157372792.83828038,Good,54.997863482224,47.61970143818837,Moderate,0.264311594,23.942006516094185,Low Risk,33.41308448493186,Emerging
Libya,LBY,7305659,365282950,41698.966894977166,8.860906343749201,32367380.08918422,Low,332915569.9108158,Low,87.8647197919848,40.46243172304344,Moderate,817.1428571,428.8026444115217,Critical,273.4665593361304,Highly Advanced
Liechtenstein,LIE,39846,1992300,227.43150684931507,25.898484817745857,515975.5130239507,Moderate,1476324.4869760494,Moderate,14.6783761234077,21.4104413400106,Low,,,,,
Lithuania,LTU,2871585,143579250,16390.325342465752,73.11994144749903,104985063.53075825,Highly Effective,38594186.46924175,Highly Effective,68.575454583199,71.30214670177902,Advanced,2.165537131,36.73384191638951,Moderate Risk,50.56116383054532,Advanced
Luxembourg,LUX,666430,33321500,3803.8242009132414,22.967141800022933,7652996.154894642,Moderate,25668503.84510536,Moderate,94.8015300320787,51.700897092845246,Good,3.95854063,27.829718861422624,Moderate Risk,37.378190153991675,Emerging
"Macao SAR, China",MAC,678800,33940000,3874.429223744292,15.867115406841732,5385298.969082084,Low,28554701.03091792,Low,100.0,49.52026924410504,Moderate,,,,,
Madagascar,MDG,31195932,1559796600,178058.97260273973,41.70895702081722,650574893.5061684,Good,909221706.4938316,Good,31.9799438860946,37.81735176692818,Moderate,11.26150628,24.539429023464088,Low Risk,29.850598120849725,Emerging
Malawi,MWI,21104482,1055224100,120459.37214611872,78.92378405829506,832822790.0150875,Highly Effective,222401309.9849125,Highly Effective,16.9748746665356,54.14422030159128,Good,17.50483809,35.82452919579564,Moderate Risk,43.15240563811389,Emerging
Malaysia,MYS,35126298,1756314900,200492.56849315067,23.15414536336253,406659704.98439527,Moderate,1349655195.0156047,Moderate,76.4434752105739,44.46987730224708,Moderate,3.43948718,23.95468224112354,Low Risk,32.160760265572954,Emerging
Maldives,MDV,525994,26299700,3002.2488584474886,55.41016605544089,14572707.442082789,Good,11726992.557917211,Good,41.5096832933973,49.84997295062345,Moderate,15.66666667,32.758319810311725,Moderate Risk,39.59498106643642,Emerging
Mali,MLI,23769127,1188456350,135668.53310502283,62.12147114965382,738286568.5914788,Highly Effective,450169781.4085212,Highly Effective,31.0031889023235,49.67415825072169,Moderate,8.00308642,28.838622335360846,Moderate Risk,37.17283670150518,Emerging
Malta,MLT,552747,27637350,3154.9486301369866,22.82281579942997,6307621.48234376,Moderate,21329728.51765624,Moderate,95.6272277147965,51.94458056557659,Good,72.60000792,62.27229424278829,High Risk,58.14120877190361,Advanced
Marshall Islands,MHL,38827,1941350,221.61529680365297,59.61622614588947,1157359.6062832254,Good,783990.3937167746,Good,78.3593928884282,67.11349284290496,Good,,,,,
Mauritania,MRT,5022441,251122050,28666.900684931505,32.58373495394399,81824943.1829107,Moderate,169297106.81708932,Moderate,59.7142464747058,43.43593956224872,Moderate,13.24621733,28.34107844612436,Moderate Risk,34.3790228925741,Emerging
Mauritius,MUS,1248647,62432350,7126.980593607306,52.42293729451846,32728871.69199429,Good,29703478.308005705,Good,39.0039901092226,47.05535842040012,Moderate,22.97346419,35.014411305200056,Moderate Risk,39.830790151280084,Emerging
Mexico,MEX,129739759,6486987950,740523.7385844748,52.5147283070671,3406624097.254682,Good,3080363852.745318,Good,79.4734935748046,63.29823441416211,Good,44.94514734,54.12169087708105,High Risk,57.79230829191347,Advanced
"Micronesia, Fed. Sts.",FSM,112630,5631500,642.865296803653,45.18310130560688,2544486.3500252515,Good,3087013.6499747485,Good,22.4334012451903,36.08322128144025,Moderate,,,,,
Moldova,MDA,2457783,122889150,14028.441780821917,11.771732754080624,14466182.32176127,Low,108422967.67823872,Low,43.0011825561523,24.263512674909297,Low,12.56311256,18.41331261745465,Low Risk,20.75339264043651,Developing
Monaco,MCO,38956,1947800,222.351598173516,67.64768716919285,1317641.6506815385,Highly Effective,630158.3493184617,Highly Effective,100.0,80.58861230151571,Advanced,,,,,
Mongolia,MNG,3481145,174057250,19869.54908675799,29.05850487288019,50578434.47285125,Moderate,123478815.52714875,Moderate,70.4464492797852,45.61368263564219,Moderate,3.395007342,24.504344988821096,Low Risk,32.94808004754954,Emerging
Montenegro,MNE,623529,31176450,3558.955479452055,18.98888827998907,5920061.2601666525,Low,25256388.739833347,Low,65.4731667624849,37.5825996729874,Moderate,,,,,
Morocco,MAR,37712505,1885625250,215254.0239726028,8.058135616607293,151946239.8659903,Low,1733679010.1340096,Low,62.673750838878,29.904381705515576,Low,50.75121202,40.327796862757786,Moderate Risk,36.1584307998609,Emerging
Mozambique,MOZ,33635160,1681758000,191981.50684931505,49.31697073911813,829392100.7627783,Good,852365899.2372217,Good,35.7149783148407,43.87617376940716,Moderate,1.751486326,22.81383004770358,Low Risk,31.238767536385012,Emerging
Myanmar,MMR,54133798,2706689900,308982.86529680365,55.81732713817118,1510801956.0988386,Good,1195887943.9011614,Good,30.3820718069466,45.643225005681344,Moderate,5.801501397,25.722363201340674,Moderate Risk,33.69070792307694,Emerging
Namibia,NAM,2963095,148154750,16912.642694063925,6.244087169589212,9250911.735886972,Low,138903838.26411304,Low,49.9545837830821,23.72828581498637,Low,0.314668328,12.021477071493186,Low Risk,16.70420056889046,Developing
Nauru,NRU,11875,593750,67.77968036529681,43.40697937244608,257728.94002389853,Good,336021.05997610145,Good,100.0,66.04418762346765,Good,,,,,
Nepal,NPL,29694614,1484730700,169489.80593607304,21.987183139845342,326450458.1425078,Moderate,1158280241.8574922,Moderate,66.5432933453944,39.80962722206497,Moderate,8.311832662,24.060729942032484,Low Risk,30.36028885404548,Emerging
Netherlands,NLD,17877117,893855850,102038.33904109588,53.38795928070874,477211397.226233,Good,416644452.773767,Good,95.3221682092129,70.1616428521104,Advanced,16.65850698,43.4100749160552,Moderate Risk,54.11070209047728,Advanced
New Caledonia,NCL,289870,14493500,1654.5091324200912,18.07748217537436,2620059.879087882,Low,11873440.120912118,Low,67.751522311337,37.94709822975942,Moderate,,,,,
New Zealand,NZL,5200000,260000000,29680.36529680365,56.82033035768495,147732858.92998084,Good,112267141.07001916,Good,83.8898991461229,67.64815787306013,Good,8.04808476,37.84812131653006,Moderate Risk,49.76813593914209,Emerging
Nicaragua,NIC,6823613,341180650,38947.56278538812,34.00515097254031,116018995.12159434,Moderate,225161654.8784057,Moderate,59.1250953674316,44.05312873049682,Moderate,2.220900209,23.13701446974841,Low Risk,31.503460174047778,Emerging
Niger,NER,26159867,1307993350,149314.3093607306,75.25474915525508,984327114.5099176,Highly Effective,323666235.4900824,Highly Effective,17.7506873295237,52.25312442496253,Good,11.02093771,31.637031067481264,Moderate Risk,39.88346841047377,Emerging
Nigeria,NGA,227882945,11394147250,1300701.74086758,15.314070810949492,1744907778.1688545,Low,9649239471.831146,Low,62.1746763155343,34.058313012783415,Moderate,9.668217054,21.863265033391706,Low Risk,26.74128422514839,Emerging
North Macedonia,MKD,1827816,91390800,10432.739726027396,30.579976328769387,27947285.00667297,Moderate,63443514.99332702,Moderate,62.2518322545779,43.24871869909279,Moderate,52.55324298,47.90098083954639,Moderate Risk,46.04007598336496,Emerging
Northern Mariana Islands,MNP,45143,2257150,257.6655251141553,13.51051409304418,304952.5688511468,Low,1952197.4311488527,Low,91.9754112887573,44.89647297132943,Moderate,,,,,
Norway,NOR,5519601,275980050,31504.57191780821,74.3520213708922,205196745.755399,Highly Effective,70783304.24460101,Highly Effective,83.0718560702166,77.83995525062195,Advanced,2.044007605,39.94198142781098,Moderate Risk,55.10117095693537,Advanced
Oman,OMN,5049269,252463450,28820.028538812785,70.80045150357357,178745262.48149872,Highly Effective,73718187.51850128,Highly Effective,79.5702973228932,74.30838983130143,Advanced,116.7142857,95.51133776565072,Critical,87.030158591911,Highly Advanced
Pakistan,PAK,247504495,12375224750,1412696.8892694062,24.34562207863667,3012825449.0169096,Moderate,9362399300.98309,Moderate,38.8191861872791,30.13504772209364,Moderate,109.9932519,70.06414981104682,High Risk,54.09250897546555,Advanced
Palau,PLW,17727,886350,101.18150684931506,54.49880345256343,483050.14440179593,Good,403299.85559820407,Good,79.1531991438847,64.36056172909194,Good,,,,,
Panama,PAN,4458759,222937950,25449.53767123288,66.29166501509118,147789279.00551146,Highly Effective,75148670.99448854,Highly Effective,65.8601271176084,66.11904985609807,Good,0.90107111,33.51006048304904,Moderate Risk,46.55365623226865,Emerging
Papua New Guinea,PNG,10389635,519481750,59301.56963470319,46.64006086995968,242286604.4083317,Good,277195145.59166825,Good,15.0581017891206,34.00727723762405,Moderate,0.132242833,17.069760035312026,Low Risk,23.844766916236836,Developing
Paraguay,PRY,6844146,342207300,39064.760273972606,44.723793376700485,153048085.77198556,Good,189159214.22801444,Good,69.3466081733694,54.57291929536805,Good,1.835399711,28.204159503184027,Moderate Risk,38.75166342005764,Emerging
Peru,PER,33845617,1692280850,193182.74543379,23.13892181753388,391575542.8145978,Moderate,1300705307.1854022,Moderate,84.7810255849745,47.79576332451013,Moderate,4.82842772,26.312095522255067,Moderate Risk,34.9055626431571,Emerging
Philippines,PHL,114891199,5744559950,655771.6837899544,11.98270758544244,688353820.8789384,Low,5056206129.121061,Low,55.1242716168851,29.239333198019505,Low,27.83151711,28.53542515400975,Moderate Risk,28.816988371613654,Emerging
Poland,POL,36687353,1834367650,209402.69977168948,72.29118184649951,1326086053.5948598,Highly Effective,508281596.40514016,Highly Effective,59.8859561370214,67.32909156270827,Good,32.48528903,49.90719029635413,Moderate Risk,56.875950802895794,Advanced
Portugal,PRT,10578174,528908700,60377.70547945206,72.53135428724978,383624643.0530871,Highly Effective,145284056.94691294,Highly Effective,61.2048652633664,68.00075867769642,Good,12.31571228,40.15823547884821,Moderate Risk,51.2952447583875,Advanced
Puerto Rico (US),PRI,3203792,160189600,18286.48401826484,52.482609295495095,84071681.90001641,Good,76117918.09998359,Good,94.1774359275881,69.1605399483323,Good,19.53561063,44.34807528916615,Moderate Risk,54.27306115283261,Advanced
Qatar,QAT,2656032,132801600,15160.0,30.42723432865256,40407854.02419985,Moderate,92393745.97580016,Moderate,99.2835325193835,57.96975360494494,Good,431.0344828,244.50211820247245,Critical,169.88917236346148,Highly Advanced
Romania,ROU,19061062,953053100,108796.01598173517,31.190718095949567,297264105.7257083,Moderate,655788994.2742918,Moderate,52.1645747011867,39.580260738044416,Moderate,7.63130793,23.605784334022207,Low Risk,29.99557489563109,Emerging
Russian Federation,RUS,143826130,7191306500,820925.399543379,59.44667591526795,4274992669.128599,Good,2916313830.8714013,Good,74.9805047873279,65.66020746409193,Good,4.122242749,34.89122510654596,Moderate Risk,47.19881804956435,Emerging
Rwanda,RWA,13954471,697723550,79648.80707762558,72.28326949644328,504337393.9866512,Highly Effective,193386156.0133488,Highly Effective,28.8555310645477,54.91217412368505,Good,20.1986755,37.55542481184253,Moderate Risk,44.49812453657954,Emerging
Samoa,WSM,216663,10833150,1236.6609589041095,71.5314818198838,7749112.722770741,Highly Effective,3084037.277229259,Highly Effective,17.5012799804602,49.91940108411436,Moderate,,,,,
San Marino,SMR,33860,1693000,193.2648401826484,63.49066593932179,1074896.974352718,Highly Effective,618103.0256472821,Highly Effective,97.1317310361655,76.94709197805928,Advanced,,,,,
Sao Tome and Principe,STP,230871,11543550,1317.7568493150686,53.15237346157159,6135670.806723246,Good,5407879.193276754,Good,68.6043921103568,59.33318092108567,Good,1.876146789,30.604663855042837,Moderate Risk,42.09607068145997,Emerging
Saudi Arabia,SAU,33702731,1685136550,192367.18607305936,11.310497374628662,190597325.24665803,Low,1494539224.753342,Low,84.2962388315415,40.5047939573938,Moderate,974.1666667,507.33573032869685,Critical,320.6033557801756,Highly Advanced
Senegal,SEN,18077573,903878650,103182.49429223745,17.122153557096034,154763490.42280662,Low,749115159.5771934,Low,54.6992276190794,32.15298318188938,Moderate,16.2764487,24.214715940944693,Low Risk,27.39002283732257,Emerging
Serbia,SRB,6623183,331159150,37803.55593607306,72.39156413953094,239731288.4761755,Highly Effective,91427861.52382451,Highly Effective,62.1434649229738,68.29232445290808,Good,5.737631015,37.01497773395404,Moderate Risk,49.525916421535655,Emerging
Seychelles,SYC,119773,5988650,683.6358447488584,50.48217947446925,3023201.0410978026,Good,2965448.9589021974,Good,45.0971081321658,48.32815093754787,Moderate,,,,,
Sierra Leone,SLE,8460512,423025600,48290.593607305935,5.689778871247223,24069221.2087668,Low,398956378.7912332,Low,44.809324991151,21.337597319208736,Low,0.495794393,10.916695856104369,Low Risk,15.085056441346115,Developing
Singapore,SGP,5917648,295882400,33776.5296803653,12.610365714952408,37311852.72617835,Low,258570547.27382165,Low,100.0,47.56621942897144,Moderate,33.25522267,40.41072104948572,Moderate Risk,43.27292040128001,Emerging
Sint Maarten (Dutch part),SXM,42749,2137450,244.0011415525114,54.76263268310419,1170523.8922850103,Good,966926.1077149896,Good,100.0,72.85757960986251,Advanced,,,,,
Slovak Republic,SVK,5426740,271337000,30974.54337899544,5.379618788466401,14596896.23206108,Low,256740103.7679389,Low,53.190805019646,24.504093280938243,Low,2.425230293,13.46466178696912,Low Risk,17.88043438455677,Developing
Slovenia,SVN,2120461,106023050,12103.08789954338,17.060603856312397,18088172.55688002,Low,87934877.44311997,Low,55.5378927789875,32.45151942538244,Moderate,5.591615957,19.021567691191223,Low Risk,24.39354838486771,Developing
Solomon Islands,SLB,800005,40000250,4566.238584474886,46.15503420249396,18462129.06858309,Good,21538120.93141691,Good,30.0088821088389,39.69657336503194,Moderate,,,,,
"Somalia, Fed. Rep.",SOM,18358615,917930750,104786.61529680363,56.892139826952,522230445.8045892,Good,395700304.1954109,Good,54.0714435506882,55.76386131644648,Good,24.52774059,40.145800953223244,Moderate Risk,46.39302509851254,Emerging
South Africa,ZAF,63212384,3160619200,360801.2785388128,53.89709446269504,1703481915.8300762,Good,1457137284.1699238,Good,63.5823705163545,57.77120488415882,Good,67.59526097,62.68323292707941,High Risk,60.71842170991117,Advanced
South Sudan,SSD,11483374,574168700,65544.37214611872,21.820198209541985,125284748.3971505,Moderate,448883951.6028495,Moderate,21.0737755279692,21.52162913691287,Low,4.226075787,12.873852461956435,Low Risk,16.33296313193901,Developing
Spain,ESP,48352528,2417626400,275984.7488584475,58.41344160106519,1412218785.295935,Good,1005407614.7040652,Good,80.128491001856,67.09946136138151,Good,43.25403923,55.17675029569075,High Risk,59.94583472196706,Advanced
Sri Lanka,LKA,22037000,1101850000,125781.96347031964,22.793681562260005,251152180.29376185,Moderate,850697819.7062382,Moderate,20.1455348442463,21.734422875054523,Low,90.78541374,56.25991830752726,High Risk,42.44972013453816,Emerging
St. Kitts and Nevis,KNA,46758,2337900,266.8835616438356,29.40497736194508,687458.965744914,Moderate,1650441.034255086,Moderate,31.7007809622822,30.32329880207993,Moderate,50.83333333,40.57831606603997,Moderate Risk,36.47630916045595,Emerging
St. Lucia,LCA,179285,8964250,1023.316210045662,60.98685538385181,5467014.183746937,Highly Effective,3497235.816253064,Highly Effective,29.0976313248036,48.23116576023253,Moderate,14.3,31.265582880116263,Moderate Risk,38.05181603216277,Emerging
St. Martin (French part),MAF,27515,1375750,157.04908675799086,53.7224674285411,739086.8456481542,Good,636663.1543518458,Good,100.0,72.23348045712466,Advanced,,,,,
St. Vincent and the Grenadines,VCT,101323,5066150,578.3276255707763,68.69175578706334,3480027.385806309,Highly Effective,1586122.6141936905,Highly Effective,47.7169922340041,60.30185036583964,Good,7.9,34.10092518291982,Moderate Risk,44.58129525608775,Emerging
Sudan,SDN,50042791,2502139550,285632.3687214612,54.32096692252576,1359186397.3109348,Good,1142953152.6890652,Good,34.7960076976764,46.510983232586014,Moderate,118.6563877,82.583685466293,Critical,68.1546045728102,Advanced
Suriname,SUR,628886,31444300,3589.53196347032,47.62314525016037,14974764.661896177,Good,16469535.338103823,Good,65.7562408447266,54.87638348798687,Good,3.950609365,29.413496426493435,Moderate Risk,39.59865125109081,Emerging
Sweden,SWE,10536632,526831600,60140.593607305935,12.025607587106936,63354700.86087687,Low,463476899.1391232,Low,88.631216160938,42.66785101663936,Moderate,3.582972583,23.12541179981968,Low Risk,30.942387486547553,Emerging
Switzerland,CHE,8888822,444441100,50735.28538812785,32.57868522945751,144793066.9993385,Moderate,299648033.0006615,Moderate,85.1854212679815,53.62137964486711,Good,6.498855835,30.060117739933556,Moderate Risk,39.484622501906976,Emerging
Syrian Arab Republic,SYR,23594623,1179731150,134672.50570776255,24.89017757612941,293637178.1559136,Moderate,886093971.8440864,Moderate,72.1673803143204,43.801058671405805,Moderate,124.3601389,84.0805987857029,Critical,67.96878273998405,Advanced
Tajikistan,TJK,10389799,519489950,59302.50570776255,23.29922325343127,121037123.22963846,Moderate,398452826.7703616,Moderate,26.1890127571429,24.45513905491592,Low,69.94326428,47.199201667457956,Moderate Risk,38.101576622441144,Emerging
Tanzania,TZA,66617606,3330880300,380237.4771689498,77.97579160643342,2597280281.387744,Highly Effective,733600018.612256,Highly Effective,35.4748019434954,60.97539574125821,Good,12.96324081,36.96931827562911,Moderate Risk,46.57174926188075,Emerging
Thailand,THA,71702435,3585121750,409260.4737442922,34.482329350007035,1236233489.4337358,Moderate,2348888260.566264,Moderate,60.9341926574707,45.0630746729925,Moderate,23.01393518,34.03850492649625,Moderate Risk,38.44833282509475,Emerging
Timor-Leste,TLS,1384286,69214300,7901.175799086758,71.9034916382835,49767498.412996456,Highly Effective,19446801.587003544,Highly Effective,28.595471832952,54.5802837161509,Good,28.26821032,41.42424701807545,Moderate Risk,46.68666169730563,Emerging
Togo,TGO,9304337,465216850,53106.94634703197,52.33539694979471,243473085.12483105,Good,221743764.8751689,Good,43.2496853032436,48.70111229117427,Moderate,3.391634981,26.046373636087136,Moderate Risk,35.10826909812199,Emerging
Tonga,TON,104597,5229850,597.0148401826484,64.61084776562363,3379050.421870468,Highly Effective,1850799.5781295325,Highly Effective,21.147944541337,47.22568647590897,Moderate,,,,,
Trinidad and Tobago,TTO,1367510,68375500,7805.422374429224,42.69778198288941,29194821.91971055,Good,39180678.08028945,Good,53.9536842104572,47.200142873916526,Moderate,20.32648126,33.763312066958264,Moderate Risk,39.138044389741566,Emerging
Tunisia,TUN,12200431,610021550,69637.16324200913,48.267791346976935,294443928.92559457,Good,315577621.07440543,Good,70.0266686486584,56.97134226764952,Good,98.11339918,77.54237072382476,Critical,69.31395934135466,Advanced
Turkiye,TUR,85325965,4266298250,487020.34817351593,41.93882703641479,1789235443.9250913,Good,2477062806.0749087,Good,89.0218446796121,60.77203409369372,Good,47.88653346,54.329283776846864,High Risk,56.9063839035856,Advanced
Turkmenistan,TKM,7364438,368221900,42034.46347031964,19.643224084853337,72330652.94650456,Low,295891247.0534954,Low,47.0678875054171,30.61308945307884,Moderate,135.2138073,82.91344837653942,Critical,61.9933048071552,Advanced
Turks and Caicos Islands,TCA,46198,2309900,263.6872146118721,59.1839086446129,1367089.1057819135,Good,942810.8942180864,Good,93.9324513656818,73.08332573304045,Advanced,,,,,
Tuvalu,TUV,9816,490800,56.02739726027397,26.057927183064184,127892.306614479,Moderate,362907.693385521,Moderate,64.0117206689787,41.23944457742999,Moderate,,,,,
Uganda,UGA,48656601,2432830050,277720.3253424657,6.823697482359038,166008962.87192413,Low,2266821087.128076,Low,30.6059359395495,16.33659286523522,Low,5.82799634,11.082294602617612,Low Risk,13.184013907664655,Developing
Ukraine,UKR,37732836,1886641800,215370.06849315067,53.41042219303758,1007663350.6503236,Good,878978449.3496763,Good,69.4754455027606,59.8364315169268,Good,6.298134232,33.0672828744634,Moderate Risk,43.774942331448756,Emerging
United Arab Emirates,ARE,10483751,524187550,59838.76141552512,18.28330095552867,95838787.33791234,Low,428348762.6620877,Low,85.6680699002526,45.23720853341825,Moderate,1509.933333,777.5852707667091,Critical,484.6460458733927,Highly Advanced
United Kingdom,GBR,68492000,3424600000,390936.07305936073,75.53439382646857,2586750850.9812427,Highly Effective,837849149.0187573,Highly Effective,83.1601932891335,78.58471361153454,Advanced,14.35464621,46.46967991076727,Moderate Risk,59.31569339107418,Advanced
United States,USA,336806231,16840311550,1922409.9942922376,76.54464327519405,12890356402.3788,Highly Effective,3949955147.621199,Highly Effective,80.071561119178,77.95541041278763,Advanced,28.15525982,53.05533511639381,High Risk,63.01536523495134,Advanced
Uruguay,URY,3388081,169404050,19338.36187214612,73.61482926653363,124706502.17809324,Highly Effective,44697547.821906745,Highly Effective,95.5439605712891,82.38648178843582,Advanced,12.05201437,47.219248079217905,Moderate Risk,61.28614156290507,Advanced
Uzbekistan,UZB,35652307,1782615350,203494.9029680365,32.761902519158326,584018703.258553,Moderate,1198596646.741447,Moderate,50.9964841114568,40.05573515607772,Moderate,123.0283912,81.54206317803886,Critical,64.9475319692544,Advanced
Vanuatu,VUT,320409,16020450,1828.8184931506848,6.159246239665057,986738.9642024208,Low,15033711.03579758,Low,22.2651966823901,12.601626416755074,Low,,,,,
"Venezuela, RB",VEN,28300854,1415042700,161534.55479452055,74.6238921940794,1055959938.9481905,Highly Effective,359082761.05180955,Highly Effective,89.249627620225,80.47418636453764,Advanced,7.540366667,44.00727651576882,Moderate Risk,58.59404045527636,Advanced
Viet Nam,VNM,100352192,5017609600,572786.4840182648,37.11381112379858,1862226149.8735847,Moderate,3155383450.126415,Moderate,38.1298904418945,37.52024285103695,Moderate,18.13031538,27.825279115518473,Moderate Risk,31.703264609725863,Emerging
Virgin Islands (U.S.),VIR,104917,5245850,598.8413242009133,77.49911142827521,4065487.136860175,Highly Effective,1180362.863139825,Highly Effective,95.2740790945924,84.60909849480208,Advanced,,,,,
West Bank and Gaza,PSE,5165775,258288750,29485.01712328767,77.27149828169397,199583587.0180588,Highly Effective,58705162.98194119,Highly Effective,86.8576870415886,81.10597378565183,Advanced,47.7535301669,64.42975197627591,High Risk,71.10024070002628,Advanced
"Yemen, Rep.",YEM,39390799,1969539950,224833.3276255708,68.975709160052,1358504147.7030337,Highly Effective,611035802.2969663,Highly Effective,36.5707979836506,56.013744689491446,Good,169.7619048,112.88782474474573,Critical,90.13819272264402,Highly Advanced
Zambia,ZMB,20723965,1036198250,118287.47146118722,27.083666905218927,280640482.50770766,Moderate,755557767.4922924,Moderate,45.0285853521585,34.26163428399475,Moderate,2.835497836,18.548566059997377,Low Risk,24.833793349596327,Developing
Zimbabwe,ZWE,16340822,817041100,93269.53196347032,33.882329645144395,276832558.8383139,Moderate,540208541.1616862,Moderate,39.2919370795795,36.04617261891843,Moderate,46.09162031,41.068896464459215,Moderate Risk,39.059806926242906,Emerging
